City_ID,City,Lat,Lng,Max Temp,Humidity,Cloudiness,Wind Speed,Country,Date
0,chonchi,-42.6128,-73.8092,10.62,96,100,1.51,CL,1702343054
1,whitehorse,60.7161,-135.0538,-5.29,91,48,4.18,CA,1702343487
2,rio grande,-32.035,-52.0986,21.08,84,33,7.28,BR,1702343487
3,waitangi,-43.9535,-176.5597,15.46,89,100,4.02,NZ,1702343488
4,ustka,54.5805,16.8619,2.03,98,100,2.14,PL,1702343489
5,avarua,-21.2078,-159.775,27.03,78,75,10.29,CK,1702343489
6,port alfred,-33.5906,26.891,17.32,96,0,2.24,ZA,1702343093
7,port-aux-francais,-49.35,70.2167,6.07,98,100,10.37,TF,1702343490
8,isafjordur,66.0755,-23.124,-5.08,81,34,1.89,IS,1702343490
9,iqaluit,63.7506,-68.5145,-27.55,96,69,1.85,CA,1702343192
10,malango,-2.9627,119.9001,25.95,73,88,0.61,ID,1702343491
11,west island,-12.1568,96.8225,26.99,69,84,3.6,CC,1702343492
12,mandera,3.9366,41.867,28.03,53,100,3.22,KE,1702343091
13,enewetak,11.3474,162.3373,27.92,75,9,8.23,MH,1702343293
14,port douglas,-16.4833,145.4667,35.78,41,74,2.76,AU,1702343066
15,invercargill,-46.4,168.35,11.32,56,58,8.94,NZ,1702343493
16,mantua,45.1667,10.7833,5.59,92,88,0.89,IT,1702343493
17,praia,14.9215,-23.5087,22.3,83,57,3.09,CV,1702343494
18,puerto natales,-51.7236,-72.4875,6.75,85,89,2.65,CL,1702343422
19,wailua homesteads,22.0669,-159.378,27.24,84,75,4.12,US,1702343494
20,georgetown,5.4112,100.3354,26.96,89,20,1.54,MY,1702343495
21,east falmouth,41.5784,-70.5586,6.06,71,0,6.69,US,1702343495
22,lihue,21.9789,-159.3672,27.58,80,75,4.12,US,1702343496
23,bati,11.1833,40.0167,15.24,50,48,2.0,ET,1702343496
24,stanley,54.868,-1.6985,0.95,96,40,0.51,GB,1702343497
25,hasaki,35.7333,140.8333,12.38,93,100,8.78,JP,1702343081
26,smithers,54.7804,-127.1743,-3.82,93,100,1.54,CA,1702343087
27,olonkinbyen,70.9221,-8.7187,-0.09,98,100,2.83,SJ,1702343498
28,moranbah,-22.0016,148.0466,28.18,64,93,10.82,AU,1702343498
29,alofi,-19.0595,-169.9187,28.94,70,75,4.63,NU,1702343107
30,newman,37.3138,-121.0208,14.13,50,5,2.02,US,1702343498
31,port macquarie,-31.4333,152.9167,27.72,59,0,4.12,AU,1702343061
32,longyearbyen,78.2186,15.6401,-7.09,68,75,7.2,SJ,1702343499
33,warman,52.3168,-106.5679,-9.5,61,9,4.57,CA,1702343500
34,puerto ayora,-0.7393,-90.3518,24.25,85,12,2.86,EC,1702343500
35,adamstown,-25.066,-130.1015,21.73,60,37,0.74,PN,1702343500
36,ndele,8.4109,20.6473,22.57,22,100,1.64,CF,1702343501
37,bethel,41.3712,-73.414,3.75,63,100,4.63,US,1702343501
38,sao joao da barra,-21.6403,-41.0511,23.79,94,100,3.7,BR,1702343501
39,thompson,55.7435,-97.8558,-13.72,82,100,7.28,CA,1702343502
40,mabaruma,8.2,-59.7833,23.46,95,77,1.16,GY,1702343502
41,siwa oasis,29.2041,25.5195,13.56,80,23,2.87,EG,1702343502
42,fale old settlement,-9.3852,-171.2468,28.93,77,100,9.18,TK,1702343503
43,bouna,9.2667,-3.0,23.82,15,0,2.29,CI,1702343503
44,san bartolo,19.1833,-100.05,9.5,86,96,2.98,MX,1702343504
45,qaqortoq,60.7167,-46.0333,-0.52,97,100,3.4,GL,1702343504
46,yellowknife,62.456,-114.3525,-25.25,75,80,3.58,CA,1702343504
47,grytviken,-54.2811,-36.5092,1.71,76,4,2.58,GS,1702343505
48,melilla,35.2937,-2.9383,18.21,29,0,2.06,ES,1702343505
49,moab,38.5733,-109.5498,1.03,39,100,1.35,US,1702343297
50,jayapura,-2.5333,140.7,29.66,65,100,3.9,ID,1702343506
51,yuzhno-kurilsk,44.0306,145.8556,0.76,76,100,5.4,RU,1702343056
52,fort st. john,56.2499,-120.8529,-5.06,74,40,3.6,CA,1702342855
53,blackmans bay,-43.0167,147.3167,20.07,48,100,2.02,AU,1702343507
54,saint-philippe,-21.3585,55.7679,21.77,79,62,3.99,RE,1702343268
55,hotan,37.0997,79.9269,0.69,35,100,2.17,CN,1702343508
56,sandnessjoen,66.0217,12.6316,-13.71,78,3,6.62,NO,1702343000
57,waveland,30.2869,-89.3762,10.02,93,40,0.0,US,1702343509
58,inhambane,-23.865,35.3833,25.57,95,100,3.44,MZ,1702343066
59,mont-dore,-22.2833,166.5833,28.99,59,96,6.01,NC,1702343510
60,lianzhou,24.7811,112.3825,10.16,78,57,2.72,CN,1702343510
61,constantia,44.1833,28.65,0.39,83,66,3.98,RO,1702343510
62,kill devil hills,36.0307,-75.676,7.21,70,0,3.6,US,1702343107
63,skiathos,39.1623,23.4909,11.65,69,99,3.4,GR,1702343240
64,tolanaro,-25.0319,46.9987,23.66,95,100,3.93,MG,1702343511
65,west fargo,46.875,-96.9004,-1.97,69,0,8.23,US,1702343512
66,tomakomai,42.6369,141.6033,-0.46,93,100,4.12,JP,1702343512
67,pacific grove,36.6177,-121.9166,15.62,83,0,4.47,US,1702343512
68,namibe,-15.1961,12.1522,21.78,73,35,2.02,AO,1702343513
69,wajir,1.7471,40.0573,26.03,75,100,4.57,KE,1702343513
70,barcelos,41.5388,-8.6151,16.62,96,100,3.59,PT,1702343414
71,san jacinto,33.7839,-116.9586,18.18,15,100,1.04,US,1702343513
72,gerash,27.6652,54.1371,12.89,26,87,0.85,IR,1702343514
73,edinburgh of the seven seas,-37.0676,-12.3116,14.07,91,100,9.21,SH,1702343514
74,albany,42.6001,-73.9662,1.4,72,18,0.45,US,1702343483
75,ushuaia,-54.8,-68.3,4.92,88,28,2.81,AR,1702343515
76,klyuchi,52.2667,79.1667,-24.48,87,46,6.35,RU,1702343515
77,tsarevo,42.1667,27.85,5.58,82,25,2.06,BG,1702343515
78,anadyr,64.75,177.4833,-24.72,75,20,5.0,RU,1702343391
79,college,64.8569,-147.8028,-6.03,77,75,3.6,US,1702343516
80,turkmenbasy,40.0222,52.9552,-2.57,63,100,8.75,TM,1702343516
81,ixtapa,20.7,-105.2,26.24,89,0,1.54,MX,1702343517
82,eyl,7.9803,49.8164,24.46,74,100,6.79,SO,1702342862
83,miechow,50.3565,20.0279,5.33,92,100,9.41,PL,1702343517
84,nuuk,64.1835,-51.7216,1.34,86,100,17.49,GL,1702343518
85,petropavlovsk-kamchatsky,53.0452,158.6483,-5.67,87,40,7.6,RU,1702343518
86,la passe,45.5549,-0.8967,14.13,89,100,4.53,FR,1702343242
87,talnakh,69.4865,88.3972,-26.2,98,100,4.71,RU,1702343518
88,carnarvon,-24.8667,113.6333,28.64,39,0,1.82,AU,1702343519
89,akrehamn,59.2667,5.1833,4.12,87,100,3.09,NO,1702343519
90,manavalakurichi,8.1333,77.3,25.41,81,100,4.77,IN,1702343519
91,axim,4.8699,-2.2405,26.55,83,7,1.91,GH,1702343520
92,nova vodolaha,49.7185,35.8708,1.16,99,100,4.16,UA,1702343520
93,sanctuary point,-35.1114,150.629,26.1,61,41,3.33,AU,1702343521
94,port lavaca,28.615,-96.6261,13.5,69,0,2.06,US,1702343521
95,hamilton,39.1834,-84.5333,1.65,79,0,1.54,US,1702342951
96,zouerate,22.7187,-12.4521,16.68,22,0,3.73,MR,1702343090
97,chilliwack,49.1747,-121.9443,7.1,96,43,1.79,CA,1702343522
98,opuwo,-18.0607,13.84,21.91,33,100,1.73,NA,1702343522
99,aasiaat,68.7098,-52.8699,-0.73,79,100,5.19,GL,1702343523
100,oudtshoorn,-33.5907,22.2014,15.24,76,0,1.28,ZA,1702343523
101,kapa'a,22.0752,-159.319,27.99,84,75,4.12,US,1702343085
102,mount gambier,-37.8333,140.7667,31.38,38,26,2.17,AU,1702343003
103,mount isa,-20.7333,139.5,31.87,31,0,4.63,AU,1702343054
104,ribeira grande,38.5167,-28.7,13.21,81,4,2.24,PT,1702343524
105,papatowai,-46.5619,169.4708,10.98,58,61,9.45,NZ,1702343525
106,saipan,15.1355,145.701,30.39,74,20,7.72,MP,1702343066
107,zhangye,38.9342,100.4517,2.27,16,23,3.17,CN,1702343526
108,hilo,19.7297,-155.09,26.25,89,100,1.54,US,1702343252
109,benguela,-12.5763,13.4055,25.74,85,100,1.33,AO,1702343527
110,poronaysk,49.2167,143.1167,-14.11,77,4,1.94,RU,1702343053
111,as sulayyil,20.4607,45.5779,13.14,32,51,3.05,SA,1702343527
112,balaipungut,1.05,101.2833,23.3,99,100,2.02,ID,1702343528
113,nar'yan-mar,67.6713,53.087,-14.26,91,100,7.7,RU,1702343402
114,ma'rib,15.4591,45.3253,12.88,34,81,1.08,YE,1702343528
115,dudinka,69.4058,86.1778,-24.62,98,100,6.26,RU,1702343255
116,velizh,55.6056,31.1967,-1.12,96,100,4.59,RU,1702343529
117,margaret river,-33.95,115.0667,24.41,46,0,1.95,AU,1702343529
118,miles city,46.4083,-105.8406,-1.46,69,75,2.57,US,1702343530
119,kone,-21.0595,164.8658,30.9,42,60,3.12,NC,1702343530
120,peace river,56.2501,-117.286,-5.1,54,100,3.08,CA,1702343530
121,fisterra,42.9049,-9.2629,15.57,95,100,7.95,ES,1702343531
122,hawaiian paradise park,19.5933,-154.9731,26.13,87,100,1.54,US,1702343531
123,pachino,36.7186,15.0907,16.22,85,8,8.73,IT,1702343532
124,vorkuta,67.5,64.0,-16.8,90,100,6.54,RU,1702343533
125,tralee,52.2704,-9.7026,9.4,87,100,4.9,IE,1702343088
126,port mathurin,-19.6833,63.4167,25.8,77,6,3.97,MU,1702343062
127,kingaroy,-26.5333,151.8333,28.81,36,11,4.6,AU,1702343535
128,vadso,70.0744,29.7487,-9.91,79,40,4.63,NO,1702343535
129,badger,64.8,-147.5333,-6.07,82,100,3.6,US,1702343536
130,springbok,-29.6643,17.8865,13.77,36,0,2.45,ZA,1702343097
131,kataba,13.9833,44.3833,11.61,59,100,0.92,YE,1702343538
132,albacete,38.8333,-2.0,11.21,100,0,0.0,ES,1702343538
133,tangalle,6.024,80.7911,24.09,90,100,1.55,LK,1702343241
134,kurumkan,54.3,110.3,-26.6,90,26,1.79,RU,1702343540
135,yaren,-0.5472,166.916,29.12,75,23,5.3,NR,1702343540
136,santa elena de uairen,4.6167,-61.1333,23.87,63,100,1.59,VE,1702343252
137,sitka,57.0531,-135.33,6.94,76,100,7.72,US,1702343059
138,castillos,-34.1667,-53.8333,17.97,93,100,4.45,UY,1702343541
139,bucak,37.4592,30.595,6.29,84,67,1.32,TR,1702343545
140,murun-kuren,49.6342,100.1625,-21.82,93,100,0.24,MN,1702343546
141,st. john's,47.5649,-52.7093,12.31,92,100,3.13,CA,1702343546
142,colonia,50.9333,6.95,8.92,82,75,2.06,DE,1702343302
143,udachny,66.4167,112.4,-25.02,97,100,4.08,RU,1702343547
144,suomussalmi,64.8869,28.9078,-19.04,99,99,1.7,FI,1702343548
145,mount pearl,47.5166,-52.7813,11.85,93,100,4.47,CA,1702343551
146,tiksi,71.6872,128.8694,-21.58,100,100,3.69,RU,1702343552
147,kodiak,57.79,-152.4072,-2.27,64,0,3.09,US,1702343553
148,tvoroyri,61.5556,-6.8111,7.32,75,100,5.84,FO,1702343554
149,geidam,12.897,11.9304,16.45,29,0,4.12,NG,1702343555
150,bilibino,68.0546,166.4372,-20.63,95,100,1.49,RU,1702343555
151,hermanus,-34.4187,19.2345,16.42,78,100,4.38,ZA,1702343556
152,jamestown,42.097,-79.2353,0.77,78,100,3.6,US,1702343389
153,konarka,19.9,86.1167,14.22,56,0,3.1,IN,1702343556
154,punta arenas,-53.15,-70.9167,10.06,71,75,5.14,CL,1702343557
155,bemidji,47.4736,-94.8803,-4.5,91,0,6.69,US,1702343557
156,yemva,62.59,50.8594,-14.97,93,100,5.61,RU,1702343558
157,huarmey,-10.0681,-78.1522,20.41,85,11,3.39,PE,1702343558
158,yangambi,0.8102,24.4336,21.84,95,99,0.35,CD,1702343079
159,merizo village,13.2658,144.6691,31.31,83,19,6.56,GU,1702343559
160,caleta de carquin,-11.0925,-77.6267,20.26,85,35,3.9,PE,1702343559
161,tadine,-21.55,167.8833,25.48,60,75,5.97,NC,1702343560
162,vernon,50.2581,-119.2691,2.64,88,66,0.86,CA,1702343363
163,bahia honda,22.9036,-83.1592,21.33,71,83,6.18,CU,1702343560
164,champerico,14.3,-91.9167,27.66,72,99,1.67,GT,1702343093
165,hartha,51.1,12.9667,7.19,86,100,6.86,DE,1702343561
166,ilulissat,69.2167,-51.1,2.01,64,100,6.17,GL,1702343561
167,atafu village,-8.5421,-172.5159,28.77,80,100,10.57,TK,1702343561
168,antsiranana,-12.2787,49.2917,25.4,82,100,5.1,MG,1702343078
169,queenstown,-31.8976,26.8753,15.35,73,0,2.35,ZA,1702343093
170,macau,22.2006,113.5461,24.89,88,0,3.09,MO,1702343397
171,ponce,18.073,-66.6185,25.34,82,7,2.69,PR,1702343340
172,kapuskasing,49.4169,-82.4331,-7.49,88,100,3.69,CA,1702343563
173,moyale,3.5167,39.0584,20.21,60,100,2.22,KE,1702343563
174,manicore,-5.8092,-61.3003,22.58,99,100,1.08,BR,1702343564
175,pangody,65.85,74.4859,-27.2,88,100,5.49,RU,1702343094
176,videira,-27.0083,-51.1517,16.87,97,0,1.66,BR,1702343564
177,ciudad lazaro cardenas,17.9583,-102.2,26.19,70,6,1.82,MX,1702343327
178,nikolayevsk-on-amure,53.1406,140.73,-22.13,80,5,2.51,RU,1702343565
179,aldinga beach,-35.2793,138.4604,23.48,88,100,5.99,AU,1702343565
180,ust-nera,64.5667,143.2,-20.31,98,100,3.74,RU,1702343566
181,lakheri,25.6667,76.1667,14.49,49,0,1.17,IN,1702343566
182,east london,-33.0153,27.9116,19.1,87,60,2.83,ZA,1702343566
183,vorgashor,67.5833,63.95,-16.88,91,100,6.66,RU,1702343567
184,lethem,3.3803,-59.7968,28.56,59,100,5.53,GY,1702343567
185,nadi,-17.8,177.4167,31.0,48,40,9.26,FJ,1702343567
186,arteche,12.2645,125.4048,27.13,87,25,3.15,PH,1702343568
187,port elizabeth,-33.918,25.5701,17.4,91,0,2.24,ZA,1702343568
188,yugo-kamskiy,57.7053,55.5894,-30.55,98,82,2.44,RU,1702343568
189,onega,63.9061,38.1404,-10.82,94,100,3.73,RU,1702343569
190,natal,-5.795,-35.2094,26.36,83,20,2.06,BR,1702343569
191,launceston,-41.45,147.1667,25.19,53,100,2.57,AU,1702343570
192,hammerfest,70.6634,23.6821,-0.75,93,75,6.69,NO,1702343570
193,kavaratti,10.5669,72.642,27.76,74,81,1.47,IN,1702343083
194,san matias,-16.3667,-58.4,25.52,84,95,2.19,BO,1702343571
195,alice springs,-23.7,133.8833,22.75,33,0,3.6,AU,1702343571
196,port kembla,-34.4667,150.9,27.97,73,97,3.41,AU,1702343571
197,pitea,65.3172,21.4794,-9.95,97,98,2.9,SE,1702343572
198,fort bragg,35.139,-79.006,3.28,88,0,0.0,US,1702343055
199,susuman,62.7833,148.1667,-21.68,96,100,2.24,RU,1702343060
200,shalkar,47.8288,59.6258,-23.36,55,0,7.82,KZ,1702343573
201,new norfolk,-42.7826,147.0587,20.72,24,45,0.83,AU,1702343573
202,tippi,7.2,35.45,18.55,75,49,1.53,ET,1702343573
203,suizhou,31.7111,113.3631,2.33,70,12,2.17,CN,1702343574
204,beloyarskiy,63.7119,66.6722,-25.0,89,100,3.58,RU,1702343574
205,port lincoln,-34.7333,135.8667,20.71,49,11,5.72,AU,1702343449
206,san blas,21.5167,-105.2667,26.94,77,0,0.44,MX,1702343575
207,lebu,-37.6167,-73.65,12.83,90,100,2.89,CL,1702343575
208,kailua-kona,19.6406,-155.9956,28.06,84,75,3.6,US,1702343095
209,westport,41.1415,-73.3579,4.9,65,0,5.14,US,1702343576
210,ko lanta,7.5336,99.0865,26.19,84,100,5.29,TH,1702343576
211,bredasdorp,-34.5322,20.0403,16.15,78,100,5.27,ZA,1702343577
212,bolkhov,53.4433,36.0044,-2.87,96,100,5.48,RU,1702343577
213,waingapu,-9.6567,120.2641,29.68,68,14,1.06,ID,1702343577
214,bac lieu,9.285,105.7244,26.96,80,21,7.42,VN,1702343578
215,howrah,22.5892,88.3103,16.0,82,0,0.0,IN,1702343578
216,thunder bay,48.4001,-89.3168,-2.05,69,100,8.23,CA,1702343427
217,al majaridah,19.1236,41.9111,23.27,78,100,0.25,SA,1702343579
218,pandan,14.0453,124.1694,27.95,79,29,3.77,PH,1702343579
219,tazacorte,28.629,-17.9293,19.54,51,0,4.12,ES,1702343579
220,firozpur jhirka,27.8,76.95,13.76,50,0,2.58,IN,1702343098
221,slavonski brod,45.1603,18.0156,7.43,80,100,1.31,HR,1702343580
222,jaffna,9.6685,80.0074,26.53,77,100,5.7,LK,1702343580
223,puerto aysen,-45.4,-72.7,9.22,98,100,2.06,CL,1702343581
224,keflavik,64.0049,-22.5624,-2.76,86,20,3.6,IS,1702343581
225,almirante,9.3,-82.4,23.79,84,82,1.34,PA,1702343581
226,khandyga,62.6667,135.6,-34.02,99,100,0.15,RU,1702343582
227,kholmsk,47.0511,142.0569,-5.99,67,100,3.51,RU,1702343429
228,kamianka,49.0318,32.104,1.71,100,100,2.52,UA,1702343583
229,happy valley-goose bay,53.3168,-60.3315,-0.83,86,100,3.09,CA,1702343583
230,humahuaca,-23.2054,-65.3505,17.08,54,100,2.41,AR,1702343584
231,northam,51.0333,-4.2167,11.45,97,39,6.52,GB,1702343584
232,berrahal,36.8353,7.4533,12.85,69,89,1.64,DZ,1702343585
233,tura,25.5198,90.2201,14.81,92,2,1.31,IN,1702343585
234,praia da vitoria,38.7333,-27.0667,12.64,87,2,5.73,PT,1702343586
235,altamira,-3.2033,-52.2064,23.5,93,92,0.41,BR,1702343587
236,acapulco de juarez,16.8634,-99.8901,27.9,78,100,0.0,MX,1702343093
237,kwolla,8.9333,9.2833,20.61,24,3,3.21,NG,1702343588
238,utrik,11.2278,169.8474,27.19,71,51,8.2,MH,1702343589
239,monteagudo,-19.8167,-63.9833,22.2,84,100,0.57,BO,1702343589
240,kasongo-lunda,-6.4667,16.8167,21.46,99,100,0.34,CD,1702343589
241,san juan,-31.5375,-68.5364,30.54,31,0,7.24,AR,1702343377
242,kingston,17.997,-76.7936,28.53,74,20,9.26,JM,1702342836
243,tazovsky,67.4667,78.7,-25.52,94,100,3.75,RU,1702343078
244,shortandy,51.7006,70.9994,-27.96,94,38,6.05,KZ,1702343592
245,fort drum,44.0584,-75.7619,-0.4,74,100,5.14,US,1702343592
246,maceio,-9.6658,-35.7353,23.69,100,20,1.54,BR,1702343593
247,aykhal,66.0,111.5,-26.23,99,100,2.23,RU,1702343593
248,moyynkum,44.2914,72.9469,-16.82,76,0,5.05,KZ,1702343593
249,muisne,0.6,-80.0333,25.51,87,57,2.8,EC,1702343594
250,ventspils,57.3894,21.5606,-1.04,100,75,2.06,LV,1702343595
251,baruun-urt,46.6806,113.2792,-25.17,100,76,1.8,MN,1702343595
252,usogorsk,63.4106,48.6872,-15.74,92,100,5.17,RU,1702343601
253,holualoa,19.6228,-155.9522,26.42,83,75,3.6,US,1702343601
254,puerto deseado,-47.7503,-65.8938,11.56,75,98,5.56,AR,1702343109
255,roberval,48.5168,-72.2324,-5.65,68,100,6.17,CA,1702343602
256,koh kong,11.6175,102.9806,26.33,77,73,1.6,KH,1702343603
257,tevriz,57.509,72.4042,-32.99,99,6,1.36,RU,1702343330
258,oranjemund,-28.55,16.4333,16.33,92,4,7.01,NA,1702343087
259,alaghsas,17.0187,8.0168,18.61,34,0,9.41,NE,1702343604
260,luderitz,-26.6481,15.1594,17.84,53,0,8.93,NA,1702343605
261,jijiga,9.35,42.8,15.3,52,100,1.67,ET,1702343605
262,ancud,-41.8697,-73.8203,10.29,82,97,4.05,CL,1702342991
263,crane,31.3974,-102.3501,12.52,25,32,4.16,US,1702343606
264,amga,60.8953,131.9608,-28.39,94,100,2.9,RU,1702343606
265,karratha,-20.7377,116.8463,30.05,32,0,2.45,AU,1702343557
266,berdigestyakh,62.0989,126.6992,-28.62,95,100,3.45,RU,1702343083
267,maumere,-8.6199,122.2111,29.83,68,77,0.72,ID,1702343609
268,ceeldheer,3.8488,47.1806,25.81,83,99,5.8,SO,1702343610
269,brookings,44.3114,-96.7984,3.0,65,100,7.2,US,1702343361
270,ispir,40.4829,40.9956,5.26,99,100,0.47,TR,1702343611
271,labuan,5.2767,115.2417,27.06,79,0,2.59,MY,1702343418
272,guaruja,-23.9931,-46.2564,21.05,26,100,1.83,BR,1702343413
273,hailar,49.2,119.7,-33.71,100,97,1.32,CN,1702343401
274,olovyannaya,50.95,115.5667,-34.73,100,29,0.49,RU,1702343614
275,vila franca do campo,37.7167,-25.4333,13.23,84,100,2.35,PT,1702343070
276,bubaque,11.2833,-15.8333,28.04,61,3,4.84,GW,1702343615
277,pingliang,35.5392,106.6861,-0.27,62,0,1.78,CN,1702343429
278,kaa-khem,51.6833,94.7333,-34.22,97,94,1.05,RU,1702343616
279,baharly,38.4362,57.4316,0.42,71,22,4.77,TM,1702343617
280,kayangel,8.0823,134.7173,28.14,76,76,6.43,PW,1702343618
281,yarmouth,41.7057,-70.2286,6.09,76,0,11.62,US,1702343456
282,kirakira,-10.4544,161.9205,29.07,75,100,2.51,SB,1702343618
283,kenora,49.8167,-94.4337,-4.46,93,100,4.12,CA,1702342929
284,kenai,60.5544,-151.2583,-1.97,90,75,3.09,US,1702343619
285,iskateley,67.6803,53.1512,-14.33,91,100,7.71,RU,1702343620
286,la ronge,55.1001,-105.2842,-12.27,74,6,6.29,CA,1702343621
287,lata,40.1629,-8.3327,16.62,93,100,1.88,PT,1702343621
288,berezovyy,51.6667,135.7,-22.66,58,0,2.14,RU,1702343622
289,bloomfield,40.8068,-74.1854,4.95,56,20,5.14,US,1702343623
290,ulladulla,-35.35,150.4667,25.48,66,44,3.53,AU,1702343065
291,ozimek,50.6794,18.2137,5.98,89,100,6.72,PL,1702343624
292,portland,45.5234,-122.6762,10.96,93,100,1.34,US,1702343481
293,quellon,-43.1167,-73.6167,9.9,88,100,2.92,CL,1702343075
294,kolosovka,56.4678,73.611,-31.77,97,16,3.16,RU,1702343626
295,nova sintra,14.8667,-24.7167,23.16,68,71,5.76,CV,1702343627
296,taoudenni,22.6783,-3.9836,18.94,25,3,5.61,ML,1702343627
297,bonthe,7.5264,-12.505,26.28,82,11,1.97,SL,1702342997
298,sala,34.0389,-6.8166,19.24,100,49,0.0,MA,1702343628
299,turpan,42.9333,89.1667,-1.31,68,100,0.89,CN,1702343629
300,marsh harbour,26.5412,-77.0636,22.8,79,100,9.09,BS,1702343629
301,inari,68.906,27.0288,-13.89,98,29,2.09,FI,1702343084
302,mbanza kongo,-6.267,14.2401,21.11,100,100,0.65,AO,1702343630
303,san antonio de pale,-1.4014,5.6325,26.42,82,100,2.84,GQ,1702343101
304,embarcacion,-23.209,-64.096,27.9,77,100,0.69,AR,1702343631
305,general mosconi,-23.1851,-62.303,29.24,56,100,3.15,AR,1702343632
306,nemuro,43.3236,145.575,1.33,99,100,6.9,JP,1702343062
307,guercif,34.2257,-3.3536,19.66,45,100,3.07,MA,1702343633
308,juan griego,11.0817,-63.9655,25.43,91,45,4.42,VE,1702343633
309,uturoa,-16.7333,-151.4333,26.87,77,100,8.69,PF,1702343054
310,saynshand,44.8824,110.1163,-14.34,93,100,4.13,MN,1702343634
311,afaahiti,-17.75,-149.2833,29.93,81,80,9.84,PF,1702343635
312,raduzhny,62.0961,77.475,-29.29,93,100,2.88,RU,1702343635
313,saudarkrokur,65.7461,-19.6394,-4.65,93,100,2.34,IS,1702343636
314,betare oya,5.6,14.0833,20.87,35,97,1.71,CM,1702343490
315,balabac,7.9868,117.0645,28.85,73,4,7.02,PH,1702343637
316,fort mcmurray,56.7268,-111.381,-10.64,58,30,1.83,CA,1702343500
317,kidal,18.4411,1.4078,18.38,35,0,8.11,ML,1702343638
318,belyy yar,53.6039,91.3903,-33.06,75,20,0.0,RU,1702343638
319,camapua,-19.5314,-54.0439,28.18,49,67,0.89,BR,1702343638
320,banda aceh,5.5577,95.3222,26.51,81,98,1.0,ID,1702343639
321,minas de marcona,-15.2119,-75.1103,16.47,80,19,4.73,PE,1702343094
322,acarau,-2.8856,-40.12,26.65,79,15,7.22,BR,1702342846
323,ulysses,37.5814,-101.3552,6.53,45,0,2.57,US,1702343640
324,aral,40.5156,81.2636,-2.93,56,53,1.44,CN,1702343641
325,mazamari,-11.3258,-74.5308,23.85,88,99,0.92,PE,1702343642
326,ballina,-28.8667,153.5667,27.66,60,94,3.0,AU,1702343642
327,rawson,-43.3002,-65.1023,16.99,50,0,0.78,AR,1702343643
328,kerikeri,-35.2268,173.9474,21.06,65,0,1.34,NZ,1702343644
329,codrington,-38.2667,141.9667,32.81,35,100,5.29,AU,1702343061
330,guisa,20.255,-76.5386,23.17,91,75,1.07,CU,1702343645
331,rongelap,11.1635,166.8941,27.57,76,7,8.79,MH,1702343645
332,hami,42.8,93.45,-2.36,56,100,1.28,CN,1702343646
333,neusiedl am see,47.9357,16.8325,9.32,84,3,3.71,AT,1702343646
334,bekalta,35.6174,10.9947,13.01,52,0,4.29,TN,1702343647
335,prado,-17.3411,-39.2208,25.5,83,100,6.11,BR,1702343647
336,madalena,41.2162,-8.3345,15.98,95,100,2.63,PT,1702343648
337,nguekhokh,14.5128,-17.005,23.49,78,5,7.2,SN,1702343648
338,soanierana ivongo,-16.9167,49.5833,24.27,89,17,1.53,MG,1702343649
339,vodnyy,63.5046,53.4095,-16.99,93,100,5.61,RU,1702343650
340,nicoya,10.1483,-85.452,25.75,82,82,4.19,CR,1702343650
341,haiku-pauwela,20.9219,-156.3051,30.01,55,20,5.66,US,1702343650
342,achacachi,-16.05,-68.6833,8.79,86,100,3.84,BO,1702343651
343,kigoma,-4.8769,29.6267,21.35,91,100,2.27,TZ,1702343651
344,uliastay,47.7417,96.8444,-15.19,97,100,1.24,MN,1702343652
345,sinop,41.7711,34.8709,7.21,83,95,0.99,TR,1702343652
346,nelson bay,-32.7167,152.15,27.03,67,3,2.24,AU,1702343063
347,talcahuano,-36.7167,-73.1167,13.19,85,100,4.35,CL,1702343654
348,bikenibeu village,1.3673,173.1241,27.94,76,100,1.56,KI,1702343654
349,mayya,61.7333,130.2811,-34.38,95,100,3.18,RU,1702343655
350,margate,51.3813,1.3862,9.83,91,10,1.34,GB,1702343423
351,tinajo,29.0788,-13.7081,18.49,48,56,3.6,ES,1702343656
352,vila velha,-20.3297,-40.2925,26.08,82,0,2.68,BR,1702343599
353,tynda,55.1667,124.7167,-38.99,97,18,1.66,RU,1702343395
354,ta`u,-14.2336,-169.5144,26.53,89,96,8.43,AS,1702343657
355,sisimiut,66.9395,-53.6735,-0.92,94,100,6.66,GL,1702343658
356,prunedale,36.7758,-121.6697,15.84,80,0,3.6,US,1702343658
357,charters towers,-20.1,146.2667,29.25,57,74,8.77,AU,1702343659
358,bull savanna,17.8868,-77.5902,24.59,86,100,3.64,JM,1702343659
359,pontianak,-0.0333,109.3333,26.66,88,20,2.06,ID,1702343660
360,tabas,33.5959,56.9244,11.71,37,98,1.08,IR,1702343661
361,erdenet,49.0333,104.0833,-26.36,99,100,0.62,MN,1702343662
362,saint-pierre,-21.3393,55.4781,21.98,78,0,2.06,RE,1702343094
363,paracuru,-3.41,-39.0306,27.84,78,4,5.5,BR,1702343663
364,kisangani,0.5167,25.2,21.92,98,100,0.93,CD,1702343663
365,torres,-29.3353,-49.7269,21.03,88,88,3.52,BR,1702343664
366,mulayjah,27.271,48.4242,18.46,36,81,1.35,SA,1702343664
367,kalach-na-donu,48.691,43.5264,-3.8,66,100,10.61,RU,1702343665
368,greymouth,-42.4667,171.2,13.64,59,79,9.24,NZ,1702343665
369,tongouson,5.0214,120.1328,27.99,77,47,2.9,PH,1702343666
370,vila do maio,15.1333,-23.2167,22.44,64,67,6.3,CV,1702343666
371,castlegar,49.2998,-117.6689,0.38,95,44,1.02,CA,1702343667
372,la foa,-21.7108,165.8276,28.22,50,96,4.95,NC,1702343667
373,daru,-9.0763,143.2092,31.55,61,8,3.18,PG,1702343668
374,edson,53.5835,-116.4356,-6.92,93,100,2.06,CA,1702343668
375,rubio,7.7013,-72.3557,20.81,83,23,1.21,VE,1702343669
376,rokytne,51.2796,27.214,0.95,92,96,3.59,UA,1702343670
377,celestun,20.8667,-90.4,22.6,62,100,6.33,MX,1702343670
378,gubkinskiy,64.434,76.5026,-26.65,86,100,5.43,RU,1702343670
379,tres coroas,-29.5169,-50.7778,22.27,93,0,1.7,BR,1702343578
380,bandiagara,14.3501,-3.6104,21.26,17,0,5.05,ML,1702343672
381,souillac,-20.5167,57.5167,25.21,78,75,3.6,MU,1702343673
382,nouadhibou,20.931,-17.0347,20.99,40,46,3.09,MR,1702343673
383,san luis de la loma,17.2706,-100.8939,26.46,76,100,0.71,MX,1702343100
384,sault ste. marie,46.5168,-84.3333,-1.69,84,100,2.06,CA,1702343653
385,batang,-6.4846,110.7083,28.79,58,27,4.03,ID,1702343675
386,mikuni,36.2171,136.1519,11.95,91,100,4.98,JP,1702343675
387,zheshart,62.0731,49.5733,-14.41,93,100,5.25,RU,1702343675
388,yongbyon,39.8133,125.8042,-5.23,86,93,2.21,KP,1702343676
389,birjand,32.8663,59.2211,0.26,51,0,2.06,IR,1702343676
390,lepsy,46.235,78.9456,-13.25,82,100,7.35,KZ,1702343104
391,rio gallegos,-51.6226,-69.2181,11.03,71,75,6.69,AR,1702343677
392,san patricio,28.017,-97.5169,17.91,52,100,3.05,US,1702343677
393,cidade velha,14.9167,-23.6167,22.26,83,52,3.09,CV,1702343678
394,faya-largeau,17.9257,19.1043,17.81,39,0,9.63,TD,1702343678
395,juan l. lacaze,-34.4333,-57.4167,22.33,65,91,6.69,UY,1702343679
396,rio preto da eva,-2.6994,-59.6997,23.91,98,100,0.88,BR,1702343679
397,nagqu,31.5,92.0,-15.01,62,100,2.23,CN,1702343080
398,callao,-12.0667,-77.15,22.62,77,20,4.63,PE,1702343680
399,dubbo,-32.25,148.6167,31.07,37,5,2.57,AU,1702343681
400,markovo,57.3206,107.0881,-32.22,99,97,0.34,RU,1702343681
401,yerofey pavlovich,53.9667,121.9667,-30.98,87,14,1.36,RU,1702343682
402,qingnian,36.8456,115.7117,-3.13,86,9,0.61,CN,1702343682
403,copala,16.65,-98.9833,26.35,70,100,1.83,MX,1702343089
404,sanming,26.2486,117.6186,15.84,89,95,1.59,CN,1702343683
405,kingscliff,-28.2667,153.5667,29.29,47,75,5.14,AU,1702343103
406,palmer,42.1584,-72.3287,3.34,61,54,2.24,US,1702343556
407,mar del plata,-38.0023,-57.5575,19.9,89,80,12.07,AR,1702343602
408,manakara,-22.1333,48.0167,23.7,93,96,2.03,MG,1702343685
409,floro,61.5996,5.0328,5.54,69,7,4.63,NO,1702343686
410,naze,28.3667,129.4833,19.51,82,98,6.59,JP,1702343098
411,da nang,16.0678,108.2208,23.99,88,20,1.03,VN,1702343613
412,sakaiminato,35.55,133.2333,13.99,88,75,7.72,JP,1702343687
413,cooma,-36.2333,149.1333,27.57,47,100,2.39,AU,1702343687
414,vrangel',42.7297,133.0839,-7.15,37,23,4.57,RU,1702343688
415,sao geraldo do araguaia,-6.4006,-48.555,23.74,95,87,0.56,BR,1702343516
416,arraial do cabo,-22.9661,-42.0278,22.98,94,100,0.51,BR,1702343689
417,soustons,43.7533,-1.3278,16.39,75,100,2.79,FR,1702343689
418,dolores,-36.3132,-57.6792,17.62,93,2,4.04,AR,1702343689
419,sinabang,2.4803,96.3801,25.82,86,100,2.16,ID,1702343690
420,mata-utu,-13.2816,-176.1745,27.53,75,100,4.94,WF,1702343690
421,altay,47.8667,88.1167,-10.55,92,97,1.16,CN,1702343691
422,lerwick,60.1545,-1.1494,5.0,71,95,3.4,GB,1702343691
423,verkhnevilyuysk,63.4453,120.3167,-29.35,97,99,2.68,RU,1702343691
424,hegang,47.4,130.3667,-20.76,74,29,1.35,CN,1702343402
425,makinsk,52.6292,70.4169,-28.93,94,6,5.25,KZ,1702343692
426,tchibanga,-2.85,11.0333,22.62,98,100,0.5,GA,1702343692
427,'ayn al 'arab,36.8932,38.3651,10.23,97,27,3.27,SY,1702343693
428,redland bay,-27.6134,153.3024,30.26,57,86,4.23,AU,1702343693
429,woolgoolga,-30.1106,153.2007,28.91,63,50,3.58,AU,1702343693
430,carloforte,39.145,8.3058,16.76,89,9,2.39,IT,1702343098
431,chernyshevskiy,63.0128,112.4714,-32.15,100,100,1.03,RU,1702343694
432,urangan,-25.3,152.9,26.19,60,18,6.12,AU,1702343694
433,chipinge,-20.1883,32.6236,17.24,90,100,1.06,ZW,1702343695
434,meulaboh,4.1363,96.1285,24.55,93,100,1.56,ID,1702343695
435,dunedin,-45.8742,170.5036,11.0,68,91,4.02,NZ,1702343695
436,xinyuan,37.3,99.0,-14.98,54,38,1.08,CN,1702343696
437,arinos,-15.9169,-46.1056,25.27,60,37,1.75,BR,1702343472
438,vilyuchinsk,52.9306,158.4028,-4.85,80,24,2.67,RU,1702343696
439,chichiriviche,10.9333,-68.2772,26.25,88,7,4.82,VE,1702343697
440,taro,-8.3862,115.28,26.03,61,49,1.08,ID,1702343697
441,qala i naw,34.9874,63.1289,5.12,84,100,1.83,AF,1702343697
442,prince rupert,54.3161,-130.3201,4.83,79,0,10.29,CA,1702343697
443,bel ombre,-4.6167,55.4167,25.91,89,75,1.54,SC,1702343698
444,es castell,39.8795,4.2854,14.38,100,40,2.06,ES,1702343698
445,inarajan village,13.2736,144.7484,31.54,83,25,6.83,GU,1702343698
446,freetown,8.484,-13.2299,26.28,79,67,2.62,SL,1702343558
447,corralillo,22.9819,-80.5856,22.62,75,99,5.3,CU,1702343699
448,sao raimundo nonato,-9.0153,-42.6994,26.09,54,88,1.08,BR,1702343583
449,iloilo,10.6969,122.5644,28.23,77,56,7.18,PH,1702343700
450,chadron,42.8294,-102.9999,3.82,70,100,4.63,US,1702343700
451,kuala belait,4.5833,114.1833,26.09,76,9,1.51,BN,1702343104
452,bagar,28.1874,75.5005,13.54,39,1,2.08,IN,1702343701
453,pemangkat,1.1667,108.9667,26.5,83,70,2.14,ID,1702343701
454,huangnihe,43.5583,128.0239,-13.78,62,6,1.81,CN,1702343702
455,bozeman,45.6796,-111.0386,0.51,88,100,3.13,US,1702343700
456,polyarnyy,69.1989,33.4478,-14.74,95,29,5.17,RU,1702343704
457,flen,59.0583,16.5878,-0.95,88,96,4.12,SE,1702343704
458,la junta,37.985,-103.5438,6.16,39,0,5.14,US,1702343705
459,olhao,37.0286,-7.8411,16.72,94,75,2.57,PT,1702343618
460,george town,5.4112,100.3354,27.96,83,20,1.03,MY,1702343706
461,nianzishan,47.5167,122.8833,-20.45,79,15,1.11,CN,1702343707
462,mocimboa,-11.3167,40.35,25.24,91,100,1.62,MZ,1702343707
463,montagu,-40.7667,144.9667,17.89,77,100,5.86,AU,1702343708
464,walvis bay,-22.9575,14.5053,16.72,90,11,1.13,NA,1702343708
465,bilecik,40.0,30.1667,2.38,88,7,1.04,TR,1702343709
466,cabo san lucas,22.8909,-109.9124,24.86,70,0,2.06,MX,1702343134
467,rauma,61.1272,21.5113,-6.98,93,99,3.98,FI,1702343710
468,enterprise,36.0252,-115.2419,12.12,22,40,1.54,US,1702343574
469,lufkin,31.3382,-94.7291,10.59,62,0,0.0,US,1702343114
470,puerto baquerizo moreno,-0.9,-89.6,24.17,86,40,3.59,EC,1702343712
471,touros,-5.1989,-35.4608,26.56,75,0,6.19,BR,1702343713
472,kitimat,54.0524,-128.6534,0.51,33,11,0.28,CA,1702343714
473,saldanha,-33.0117,17.9442,16.92,85,97,10.5,ZA,1702343714
474,taunsa,30.7048,70.6505,13.85,29,6,3.04,PK,1702343714
475,mosfellsbaer,64.1667,-21.7,-2.99,86,0,1.03,IS,1702343715
476,torghay,49.6339,63.4981,-25.94,75,5,7.76,KZ,1702343716
477,muhammadabad,25.6333,83.75,13.41,40,0,1.21,IN,1702343717
478,calvinia,-31.4707,19.776,13.4,56,0,2.55,ZA,1702343588
479,miguel ahumada,30.6167,-106.5167,12.95,23,100,2.49,MX,1702343718
480,vanino,49.0869,140.2543,-17.26,61,22,4.26,RU,1702343718
481,eydhafushi,5.1033,73.0708,26.7,80,99,5.39,MV,1702343719
482,pechenizhyn,48.5155,24.8942,1.16,82,80,2.22,UA,1702343719
483,gilgit,35.9221,74.3087,3.13,37,96,0.93,PK,1702343720
484,jogeva,58.7467,26.3939,-3.95,96,100,3.31,EE,1702343721
485,maracaibo,10.6317,-71.6406,27.81,75,0,6.34,VE,1702343721
486,camayenne,9.535,-13.6878,27.62,69,6,2.0,GN,1702343722
487,paraty,-23.2178,-44.7131,22.85,98,100,1.95,BR,1702343722
488,la'ie,21.6477,-157.9253,29.66,73,29,3.13,US,1702343723
489,al wafrah,28.6392,47.9306,19.32,32,100,1.92,KW,1702343723
490,colares,38.7992,-9.4469,19.07,98,100,6.26,PT,1702343724
491,assare,-6.8744,-39.875,24.92,45,23,1.08,BR,1702343724
492,cheremushki,52.8356,91.3944,-28.75,99,66,0.76,RU,1702343725
493,demopolis,32.5176,-87.8364,2.97,75,0,0.0,US,1702343701
494,cidreira,-30.1811,-50.2056,21.17,81,1,7.96,BR,1702343727
495,sawakin,19.1059,37.3321,26.08,78,7,0.16,SD,1702343727
496,rengasdengklok,-6.1592,107.2981,29.07,71,15,1.78,ID,1702343728
497,mont-joli,48.5839,-68.1921,-2.28,100,100,8.23,CA,1702343728
498,xilin hot,43.9667,116.0333,-15.6,89,100,1.27,CN,1702343729
499,quatre cocos,-20.2078,57.7625,25.06,71,86,4.81,MU,1702343730
500,guanica,17.9716,-66.908,26.7,60,0,3.59,PR,1702343730
501,shiyan,32.6475,110.7781,4.28,93,100,1.79,CN,1702343437
502,shepparton,-36.3833,145.4,33.23,30,100,5.94,AU,1702343732
503,weno,7.4515,151.8468,25.97,94,100,4.12,FM,1702343732
504,fortuna,40.5982,-124.1573,12.21,94,100,5.14,US,1702343733
505,mahbubabad,17.6167,80.0167,17.14,83,51,0.79,IN,1702343734
506,labasa,-16.4167,179.3833,29.73,46,46,2.58,FJ,1702343734
507,shetpe,44.1667,52.1167,-12.64,88,100,9.18,KZ,1702343735
508,broome,42.2506,-75.833,0.5,88,100,4.12,US,1702343735
509,tindouf,27.6711,-8.1474,15.26,32,89,4.41,DZ,1702343736
510,hithadhoo,-0.6,73.0833,27.35,77,93,2.4,MV,1702343736
511,sabang,5.8933,95.3214,27.04,77,86,0.67,ID,1702343737
512,termoli,41.9888,14.9895,12.23,82,100,2.85,IT,1702343738
513,geraldton,-28.7667,114.6,34.23,12,0,7.72,AU,1702343738
514,pangoa,-12.1167,-73.0,21.31,98,100,1.35,PE,1702343739
515,westwood,42.214,-71.2245,4.64,74,0,5.14,US,1702343740
516,murzuq,25.9155,13.9184,11.43,46,0,2.74,LY,1702343740
517,belyayevka,51.3974,56.4096,-24.21,83,6,5.67,RU,1702343740
518,idri,27.5,13.2667,12.21,39,0,3.74,LY,1702343741
519,nuku'alofa,-21.1333,-175.2,29.19,61,40,5.66,TO,1702343742
520,barda,40.3744,47.1267,6.82,82,100,3.58,AZ,1702343743
521,salavan,15.7167,106.4167,24.85,75,93,1.38,LA,1702343743
522,mawu,29.5923,107.3139,12.32,90,97,0.68,CN,1702343744
523,gwadar,25.1216,62.3254,23.02,33,100,3.67,PK,1702343745
524,santa cruz,-17.8,-63.1667,26.7,74,73,2.57,BO,1702343704
525,kassala,15.451,36.4,25.58,33,3,2.67,SD,1702343746
526,zykovo,55.9519,93.1461,-36.32,100,48,0.93,RU,1702343746
527,darhan,49.4867,105.9228,-28.24,100,97,0.43,MN,1702343746
528,funtua,11.5233,7.3081,12.73,37,2,4.26,NG,1702343747
529,bor,56.3567,44.0669,-10.86,93,100,8.15,RU,1702343747
530,yichun,47.7,128.9,-24.17,83,15,0.65,CN,1702343748
531,novyy urengoy,66.0833,76.6333,-25.2,86,100,5.3,RU,1702343748
532,bargarh,21.3333,83.6167,15.35,67,6,1.11,IN,1702343749
533,lengshuitan,26.4111,111.5956,7.23,73,98,2.44,CN,1702343749
534,coahuayana de hidalgo,18.7,-103.6583,25.24,75,3,0.8,MX,1702343749
535,yardimli,38.9206,48.2372,4.56,96,99,1.42,AZ,1702343750
536,kourou,5.1552,-52.6478,27.03,88,18,2.85,GF,1702343750
537,russkiy kameshkir,52.8589,46.0892,-13.75,83,100,9.57,RU,1702343750
538,el calafate,-50.3408,-72.2768,9.9,59,99,4.66,AR,1702343751
539,vallenar,-28.5708,-70.7581,20.33,51,0,1.07,CL,1702343751
540,tremp,42.167,0.8949,10.29,80,99,2.02,ES,1702343752
541,punta del este,-34.9667,-54.95,20.06,85,0,4.63,UY,1702343752
542,guiratinga,-16.3494,-53.7583,22.32,93,88,2.82,BR,1702343752
543,nogliki,51.8333,143.1667,-22.03,93,3,4.02,RU,1702343753
544,timbuktu,16.7735,-3.0074,20.22,21,0,5.29,ML,1702343753
545,azul,-36.777,-59.8585,18.42,65,6,4.43,AR,1702343754
546,nampula,-15.1165,39.2666,21.63,87,33,1.53,MZ,1702343754
547,pisco,-13.7,-76.2167,20.03,83,0,7.72,PE,1702343754
548,hirara,24.8,125.2833,22.92,94,75,9.77,JP,1702343754
549,yakeshi,49.2833,120.7333,-35.81,100,74,0.98,CN,1702343755
550,rockport,28.0206,-97.0544,18.0,78,0,3.09,US,1702343755
551,sirte,31.2089,16.5887,17.98,65,1,4.34,LY,1702343755
552,santana,-0.0583,-51.1817,29.1,74,40,4.12,BR,1702343649
553,borogontsy,62.6683,131.1683,-35.29,99,100,0.6,RU,1702343756
554,choyr,46.3611,108.3611,-20.41,93,83,1.94,MN,1702343756
555,buala,-8.145,159.5921,29.45,66,100,0.79,SB,1702343757
556,abbeville,50.1,1.8333,9.16,94,100,3.69,FR,1702343758
